PSA ID,Name,Email Id,Status,Experience,CGI/External,Resourcing Requirement Initiation Date,Date assigned to EdJones Project in CGI ,SLA Resource Fulfilment,Ed Jones BGV Start Date,Ed Jones BGV Completion Date,SLA - BGV Completion,FINRA Start Date,SLA Finra Start Date,FINRA Courier End Date,SLA - Finra Start to End,Onboarding Documents Submission Date,SLA - Onboarding Docs Submission,Magnit Documentation Start Date,Magnit Documentation Completion Date,SLA - Magnit Documentation,PID Date,Complete Onboarding,Onboarding Completion Date,Onboarding  Documents Submission - PID,Project Details,MAC Set up Start Date,MAC Set up Completed,SLA - MAC Set up,Location,Monitor ,End Date,BGV Status
600091,Rao Aarav,aarav.rao.sample@example.com,Selected,4 years,External to CGI,2026-08-05,2026-08-10,5,2026-08-14,2026-08-24,10,2026-08-17,7,2026-08-20,3,2026-09-06,27,2026-09-06,2026-09-07,1,2026-09-15,46,2026-09-20,9,Mobile Team,2026-09-20,2026-09-28,8,BLR-Ecity,Received,2027-01-30,Enhanced Green
600211,Nisha Joshi,nisha.joshi.sample@example.com,Selected,5+ years,Internal Transfer,2026-08-10,2026-09-01,22,2026-09-04,2026-09-27,23,2026-09-16,15,2026-09-22,6,2026-10-05,34,2026-10-05,2026-10-07,2,2026-10-27,83,2026-11-01,22,API Team,2026-11-01,2026-11-07,6,HYD-SEZ,Order to be Placed,2027-06-18,Cleared
600319,Karthik Gupta,karthik.gupta.sample@example.com,Selected,10 years,Internal to CGI,2026-08-16,2026-08-27,11,2026-09-01,2026-09-07,6,2026-09-01,5,2026-09-06,5,2026-09-10,14,2026-09-10,2026-09-13,3,2026-09-30,50,2026-10-05,20,CDS,2026-10-05,2026-10-11,6,PUN-Hinjewadi,Not Required,2027-05-22,Enhanced Green
600431,Meera Bhat,meera.bhat.sample@example.com,Selected,4 years,Internal Transfer,2026-08-22,2026-09-16,25,2026-09-21,2026-10-12,21,2026-09-23,7,2026-09-30,7,2026-10-15,29,2026-10-15,2026-10-16,1,2026-10-29,71,2026-11-01,14,Data Team,2026-11-01,2026-11-04,3,BLR-TP,In Transit,2027-06-21,To be Initiated
600616,Chandra Rohan,rohan.chandra.sample@example.com,Selected.,9+ years,External Hire,2026-08-27,2026-09-06,10,2026-09-11,2026-09-25,14,2026-09-13,7,2026-09-20,7,2026-10-01,25,2026-10-01,2026-10-02,1,2026-10-13,52,2026-10-18,12,OA - Nova Mobile Team,2026-10-18,2026-10-23,5,CHN-OMR,Received,2027-03-12,Enhanced Green
600783,Ananya Pillai,ananya.pillai.sample@example.com,In Progress,8 years,External to CGI,2026-08-31,2026-09-26,26,2026-10-01,2026-10-05,4,2026-10-03,7,2026-10-05,2,2026-10-19,23,2026-10-19,2026-10-22,3,2026-11-09,73,2026-11-12,21,Mobile Team,2026-11-12,2026-11-15,3,BLR-Ecity,Order to be Placed,2027-04-11,To be Initiated
600895,Vikram Sinha,vikram.sinha.sample@example.com,In Progress,9+ years,External Hire,2026-09-07,2026-10-02,25,2026-10-09,2026-10-16,7,2026-10-10,8,2026-10-13,3,2026-10-21,19,2026-10-21,2026-10-26,5,2026-11-09,69,2026-11-15,19,API Team,2026-11-15,2026-11-23,8,HYD-SEZ,Not Required,2027-07-15,To be Initiated
600986,Sneha Ghosh,sneha.ghosh.sample@example.com,Selected.,12+ years,External Hire,2026-09-12,2026-09-19,7,2026-09-19,2026-09-25,6,2026-09-25,6,2026-10-02,7,2026-10-06,17,2026-10-06,2026-10-10,4,2026-10-18,40,2026-10-22,12,CDS,2026-10-22,2026-10-30,8,PUN-Hinjewadi,In Transit,2027-05-14,WIP
601107,Jain Aditya,aditya.jain.sample@example.com,Selected,7+ years,External to CGI,2026-09-14,2026-10-10,26,2026-10-18,2026-10-29,11,2026-10-26,16,2026-11-02,7,2026-11-09,30,2026-11-09,2026-11-10,1,2026-11-25,76,2026-11-29,16,Data Team,2026-11-29,2026-12-03,4,BLR-TP,Received,2027-05-30,Cleared
601256,Pooja Bajaj,pooja.bajaj.sample@example.com,Selected,4 years,External Hire,2026-09-21,2026-10-16,25,2026-10-24,2026-11-15,22,2026-10-23,7,2026-10-26,3,2026-11-22,37,2026-11-22,2026-11-24,2,2026-12-16,87,2026-12-17,24,OA - Nova Mobile Team,2026-12-17,2026-12-24,7,CHN-OMR,Order to be Placed,2027-06-24,Pending Review
601410,Rahul Dutta,rahul.dutta.sample@example.com,Selected,7+ years,Internal Transfer,2026-09-24,2026-10-06,12,2026-10-07,2026-10-12,5,2026-10-21,15,2026-10-26,5,2026-11-10,35,2026-11-10,2026-11-11,1,2026-11-21,60,2026-11-23,11,Mobile Team,2026-11-23,2026-12-02,9,BLR-Ecity,Not Required,2027-06-10,Enhanced Green
601586,Divya Raman,divya.raman.sample@example.com,Selected,4 years,External Hire,2026-09-30,2026-10-27,27,2026-10-31,2026-11-15,15,2026-11-10,14,2026-11-17,7,2026-11-24,28,2026-11-24,2026-11-28,4,2026-12-20,85,2026-12-24,26,API Team,2026-12-24,2026-12-27,3,HYD-SEZ,In Transit,2027-05-27,To be Initiated
601729,Shah Arjun,arjun.shah.sample@example.com,Selected.,4 years,External to CGI,2026-10-05,2026-10-28,23,2026-10-31,2026-11-03,3,2026-11-02,5,2026-11-09,7,2026-11-21,24,2026-11-21,2026-11-22,1,2026-12-05,62,2026-12-06,14,CDS,2026-12-06,2026-12-08,2,PUN-Hinjewadi,Received,2027-07-26,Enhanced Green
601876,Kavya Nair,kavya.nair.sample@example.com,Selected,4 years,Internal Transfer,2026-10-12,2026-10-23,11,2026-10-31,2026-11-07,7,2026-11-07,15,2026-11-13,6,2026-11-24,32,2026-11-24,2026-11-28,4,2026-12-11,64,2026-12-15,17,Data Team,2026-12-15,2026-12-23,8,BLR-TP,Order to be Placed,2027-05-16,To be Initiated
601982,Siddharth Shetty,siddharth.shetty.sample@example.com,Selected,6 years,External to CGI,2026-10-17,2026-11-05,19,2026-11-05,2026-11-29,24,2026-11-19,14,2026-11-26,7,2026-12-02,27,2026-12-02,2026-12-03,1,2026-12-21,71,2026-12-27,19,OA - Nova Mobile Team,2026-12-27,2027-01-03,7,CHN-OMR,Not Required,2027-08-13,Cleared
602133,Neha Mishra,neha.mishra.sample@example.com,In Progress,12+ years,Internal to CGI,2026-10-22,2026-10-31,9,2026-11-06,2026-11-14,8,2026-11-08,8,2026-11-13,5,2026-11-19,19,2026-11-19,2026-11-20,1,2026-12-10,54,2026-12-15,21,Mobile Team,2026-12-15,2026-12-18,3,BLR-Ecity,In Transit,2027-04-23,Enhanced Green
602232,Krishnan Varun,varun.krishnan.sample@example.com,Selected.,7+ years,Internal Transfer,2026-10-25,2026-11-12,18,2026-11-19,2026-12-07,18,2026-11-19,7,2026-11-24,5,2026-12-09,27,2026-12-09,2026-12-11,2,2026-12-29,66,2026-12-30,20,API Team,2026-12-30,2027-01-07,8,HYD-SEZ,Received,2027-06-09,Pending Review
602410,Isha Saxena,isha.saxena.sample@example.com,Selected,14 years,Internal Transfer,2026-11-01,2026-11-10,9,2026-11-13,2026-11-25,12,2026-11-17,7,2026-11-19,2,2026-12-06,26,2026-12-06,2026-12-11,5,2026-12-18,53,2026-12-24,12,CDS,2026-12-24,2026-12-31,7,PUN-Hinjewadi,Order to be Placed,2027-05-07,WIP
602543,Harish Reddy,harish.reddy.sample@example.com,Selected,14 years,External to CGI,2026-11-04,2026-11-10,6,2026-11-18,2026-11-23,5,2026-11-27,17,2026-11-30,3,2026-12-03,23,2026-12-03,2026-12-08,5,2026-12-16,48,2026-12-22,13,Data Team,2026-12-22,2026-12-27,5,BLR-TP,Not Required,2027-06-16,Cleared
602689,Tanvi Prasad,tanvi.prasad.sample@example.com,In Progress,8 years,External to CGI,2026-11-08,2026-12-02,24,2026-12-03,2026-12-19,16,2026-12-16,14,2026-12-22,6,2027-01-02,31,2027-01-02,2027-01-07,5,2027-01-23,79,2027-01-26,21,OA - Nova Mobile Team,2027-01-26,2027-01-31,5,CHN-OMR,In Transit,2027-08-24,Pending Review
602800,Mukherjee Naveen,naveen.mukherjee.sample@example.com,In Progress,7+ years,External to CGI,2026-11-14,2026-12-10,26,2026-12-14,2026-12-31,17,2026-12-19,9,2026-12-21,2,2027-01-02,23,2027-01-02,2027-01-06,4,2027-01-15,63,2027-01-16,13,Mobile Team,2027-01-16,2027-01-26,10,BLR-Ecity,Received,2027-06-22,WIP
602895,Ritika Mehta,ritika.mehta.sample@example.com,In Progress,4 years,External to CGI,2026-11-19,2026-12-05,16,2026-12-09,2026-12-17,8,2026-12-16,11,2026-12-22,6,2027-01-04,30,2027-01-04,2027-01-07,3,2027-01-29,72,2027-01-30,25,API Team,2027-01-30,2027-02-09,10,HYD-SEZ,Order to be Placed,2027-07-17,Cleared
603038,Sanjay Hegde,sanjay.hegde.sample@example.com,Selected.,7+ years,Internal to CGI,2026-11-23,2026-12-21,28,2026-12-29,2027-01-05,7,2026-12-29,8,2027-01-02,4,2027-01-16,26,2027-01-16,2027-01-18,2,2027-02-03,74,2027-02-05,18,CDS,2027-02-05,2027-02-11,6,PUN-Hinjewadi,Not Required,2027-08-14,Pending Review
603242,Aditi Kumar,aditi.kumar.sample@example.com,In Progress,9+ years,Internal to CGI,2026-12-01,2026-12-14,13,2026-12-14,2026-12-17,3,2026-12-23,9,2026-12-26,3,2027-01-07,24,2027-01-07,2027-01-10,3,2027-01-21,57,2027-01-27,14,Data Team,2027-01-27,2027-02-05,9,BLR-TP,In Transit,2027-08-14,WIP
603307,Menon Deepak,deepak.menon.sample@example.com,Selected,8 years,External to CGI,2026-12-04,2026-12-26,22,2026-12-26,2027-01-09,14,2027-01-08,13,2027-01-14,6,2027-01-18,23,2027-01-18,2027-01-22,4,2027-02-01,60,2027-02-02,14,OA - Nova Mobile Team,2027-02-02,2027-02-08,6,CHN-OMR,Received,2027-07-24,Enhanced Green
603466,Shruti Patel,shruti.patel.sample@example.com,Selected,8 years,Internal Transfer,2026-12-08,2026-12-24,16,2027-01-01,2027-01-17,16,2027-01-06,13,2027-01-13,7,2027-01-21,28,2027-01-21,2027-01-23,2,2027-02-03,59,2027-02-05,13,Mobile Team,2027-02-05,2027-02-13,8,BLR-Ecity,Order to be Placed,2027-06-16,To be Initiated
603603,Milan Kapoor,milan.kapoor.sample@example.com,Selected.,6 years,External to CGI,2026-12-15,2026-12-25,10,2026-12-26,2027-01-10,15,2027-01-11,17,2027-01-13,2,2027-01-28,34,2027-01-28,2027-02-01,4,2027-02-14,63,2027-02-16,17,API Team,2027-02-16,2027-02-25,9,HYD-SEZ,Not Required,2027-08-08,To be Initiated
603793,Priyanka Kulkarni,priyanka.kulkarni.sample@example.com,In Progress,12+ years,External Hire,2026-12-19,2027-01-05,17,2027-01-10,2027-01-21,11,2027-01-22,17,2027-01-24,2,2027-02-07,33,2027-02-07,2027-02-10,3,2027-02-27,76,2027-03-05,20,CDS,2027-03-05,2027-03-15,10,PUN-Hinjewadi,In Transit,2027-09-02,Pending Review
603860,Agarwal Bhavin,bhavin.agarwal.sample@example.com,Selected.,14 years,External to CGI,2026-12-25,2027-01-04,10,2027-01-08,2027-01-12,4,2027-01-09,5,2027-01-15,6,2027-01-23,19,2027-01-23,2027-01-26,3,2027-02-11,52,2027-02-15,19,Data Team,2027-02-15,2027-02-25,10,BLR-TP,Received,2027-07-09,To be Initiated
603988,Charu Desai,charu.desai.sample@example.com,Selected.,14 years,External Hire,2026-12-31,2027-01-05,5,2027-01-13,2027-02-02,20,2027-01-19,14,2027-01-26,7,2027-02-15,41,2027-02-15,2027-02-17,2,2027-03-06,69,2027-03-10,19,OA - Nova Mobile Team,2027-03-10,2027-03-13,3,CHN-OMR,Order to be Placed,2027-10-04,Enhanced Green
604135,Gaurav Verma,gaurav.verma.sample@example.com,Selected.,Grad,External to CGI,2027-01-04,2027-01-25,21,2027-01-29,2027-02-22,24,2027-02-04,10,2027-02-08,4,2027-03-02,36,2027-03-02,2027-03-05,3,2027-03-15,72,2027-03-17,13,Mobile Team,2027-03-17,2027-03-25,8,BLR-Ecity,Not Required,2027-10-16,To be Initiated
604329,Lavanya Naik,lavanya.naik.sample@example.com,In Progress,6 years,Internal Transfer,2027-01-09,2027-01-26,17,2027-02-03,2027-02-06,3,2027-02-03,8,2027-02-07,4,2027-02-12,17,2027-02-12,2027-02-16,4,2027-03-04,58,2027-03-08,20,API Team,2027-03-08,2027-03-17,9,HYD-SEZ,In Transit,2027-09-09,Pending Review
604415,Malhotra Nikhil,nikhil.malhotra.sample@example.com,Selected,5+ years,Internal to CGI,2027-01-12,2027-01-26,14,2027-02-03,2027-02-27,24,2027-02-09,14,2027-02-15,6,2027-03-06,39,2027-03-06,2027-03-07,1,2027-03-20,73,2027-03-26,14,CDS,2027-03-26,2027-04-01,6,PUN-Hinjewadi,Received,2027-08-27,Pending Review
604562,Swetha Bose,swetha.bose.sample@example.com,Selected,Grad,Internal to CGI,2027-01-20,2027-02-13,24,2027-02-14,2027-03-03,17,2027-02-23,10,2027-03-02,7,2027-03-14,29,2027-03-14,2027-03-16,2,2027-04-03,77,2027-04-07,20,Data Team,2027-04-07,2027-04-15,8,BLR-TP,Order to be Placed,2027-09-13,WIP
604722,Tarun Chopra,tarun.chopra.sample@example.com,In Progress,12+ years,External Hire,2027-01-23,2027-02-02,10,2027-02-10,2027-02-27,17,2027-02-06,4,2027-02-12,6,2027-03-04,30,2027-03-04,2027-03-05,1,2027-03-25,63,2027-03-27,21,OA - Nova Mobile Team,2027-03-27,2027-04-05,9,CHN-OMR,Not Required,2027-10-27,Pending Review
604883,Keerthi Bansal,keerthi.bansal.sample@example.com,In Progress,10 years,External to CGI,2027-01-30,2027-02-21,22,2027-02-28,2027-03-08,8,2027-03-08,15,2027-03-13,5,2027-03-22,29,2027-03-22,2027-03-25,3,2027-04-07,73,2027-04-13,16,Mobile Team,2027-04-13,2027-04-19,6,BLR-Ecity,In Transit,2027-11-23,WIP
604998,Thomas Yash,yash.thomas.sample@example.com,Selected.,5+ years,External to CGI,2027-02-01,2027-02-28,27,2027-03-04,2027-03-14,10,2027-03-08,8,2027-03-12,4,2027-03-21,21,2027-03-21,2027-03-26,5,2027-04-03,63,2027-04-05,13,API Team,2027-04-05,2027-04-09,4,HYD-SEZ,Received,2027-09-05,To be Initiated
600512,Kiran Malhotra,kiran.malhotra.sample@example.com,In Progress,6 years,Internal to CGI,2027-02-02,2027-02-12,16,2027-02-16,2027-02-27,11,,,,,,,,,,,,,,Mobile Team,,,,BLR-Ecity,,,WIP
600527,Farah Ahmed,farah.ahmed.sample@example.com,In Progress,3 years,External Hire,2027-02-05,2027-02-13,8,2027-02-15,2027-02-21,6,2027-02-23,8,2027-03-01,6,2027-03-15,24,2027-03-15,,,,,,,API Team,,,,HYD-SEZ,Order to be Placed,,Cleared
600538,Rohit Bansal,rohit.bansal.sample@example.com,In Progress,8 years,Internal Transfer,2027-02-01,2027-02-09,8,2027-02-11,2027-02-18,7,2027-02-20,6,2027-02-25,5,2027-03-05,18,2027-03-05,2027-03-07,2,2027-03-16,,,9,Data Team,,,,PUN-Hinjewadi,In Transit,,Enhanced Green
600549,Ayesha Khan,ayesha.khan.sample@example.com,In Progress,5+ years,Internal to CGI,2027-01-28,2027-02-23,26,2027-02-25,2027-03-08,11,2027-03-10,9,2027-03-17,7,2027-04-02,22,2027-04-02,,,,,,,CDS,,,,CHN-OMR,Not Required,,To be Initiated